Event_ID,Event_Title,Date,Host_Branch
E21001,Book Club,1/6/2021,Sterling Library
E21002,Family Storytime,1/13/2021,Fair Oaks Library
E21003,Stress Management,1/18/2021,Cascades Library
E21004,Upcycling Contest,1/31/2021,Sterling Library
E21005,Teen Poetry Reading,2/21/2021,Sterling Library
E21006,Calming Yoga,2/26/2021,Fair Oaks Library
E21007,Pet Costume Contest,3/1/2021,Broadlands Library
E21008,Short Story Sharing,3/1/2021,Janelia Library
E21009,Autism Awareness,3/8/2021,Sterling Library
E21010,Naptime Story,3/17/2021,Sterling Library
E21011,Cookbook Sharing,3/26/2021,Fair Oaks Library
E21012,Lego Building Contest,3/28/2021,Janelia Library
E21013,Homework Helper,3/30/2021,Cascades Library
E21014,Reading Camp,3/30/2021,Janelia Library
E21015,Origami,4/1/2021,Cascades Library