Ticket_Number,Branch_Name
210001,Broadlands Library
210002,Sterling Library
210003,Fair Oaks Library
210004,Sterling Library
210005,Centreville Library
210006,Janelia Library
210007,Centreville Library
210008,Sterling Library
210009,Cascades Library
210010,Cascades Library
210011,Cascades Library
210012,Cascades Library
210013,Sterling Library
210014,Fair Oaks Library
210015,Centreville Library
210016,Fair Oaks Library
210017,Sterling Library
210018,Centreville Library
210019,Janelia Library
210020,Broadlands Library
210021,Cascades Library
210022,Cascades Library
210023,Cascades Library
210024,Fair Oaks Library
210025,Janelia Library
210026,Sterling Library
210027,Janelia Library
210028,Sterling Library
210029,Broadlands Library
210030,Broadlands Library
210031,Sterling Library
210032,Janelia Library
210033,Cascades Library
210034,Centreville Library
210035,Cascades Library
210036,Fair Oaks Library
210037,Broadlands Library
210038,Janelia Library
210039,Cascades Library
210040,Centreville Library